{
    "CountedByNoticable": {
        "False": 2032558,
        "True": 41042
    },
    "AveragedByNoticable": {
        "True": 2.6603648819698593,
        "False": 3.1249469523024733E-05
    },
    "SummedByNoticable": {
        "True": 354272.81023728027,
        "False": 60.63750189497146
    },
    "CountedByCie76Floored": {
        "0": 2021310,
        "1": 10231,
        "7": 6964,
        "8": 27932,
        "4": 1123,
        "3": 1218,
        "6": 1306,
        "5": 1075,
        "2": 2441
    },
    "AveragedByCie76Floored": {
        "0": 0.011873622913369094,
        "1": 1.373998011751022,
        "7": 7.699452982623563,
        "8": 8.346170976156587,
        "4": 4.487720822210555,
        "3": 3.4549349532588374,
        "6": 6.5441112424502785,
        "5": 5.464983027903528,
        "2": 2.401587783236058
    },
    "SummedByCie76Floored": {
        "0": 24000.272731022083,
        "1": 14057.373658224706,
        "7": 53618.99057099049,
        "8": 233125.2477060058,
        "4": 5039.710483342454,
        "3": 4208.110773069264,
        "6": 8546.609282640064,
        "5": 5874.856754996292,
        "2": 5862.275778879218
    },
    "MaxCie76": 8.65023731448525,
    "AvgCie76": 0.17087839879397185,
    "SumCie76": 354333.44773918,
    "NoticableRatio": 0.02019228971571783,
    "ToleratedRato": 0.021,
    "ExceedsRatio": false
}